City,Number_of_Orders,Total_Spending,Average_Spending_per_Order
Atlanta,14253.0,2721689.32,190.9555405879464
Austin,,,188.0168240614155
Boston,19092.0,3576754.73,187.34311386968363
Dallas,,,189.76337429775282
Los Angeles,28498.0,5310846.93,186.3585841111657
New York City,23848.0,4567165.01,191.511447920161
Portland,,,189.23906844741236
San Francisco,42898.0,8055046.6,187.77207795235208
Seattle,,,190.02269353353637
